{"cameraMode":{"drawMode":0,"name":"Shaded","section":"Shading Mode"},"sceneLighting":false,"audioPlay":false,"sceneViewState":{"m_AlwaysRefresh":true,"showFog":true,"showSkybox":false,"showFlares":true,"showImageEffects":true,"showParticleSystems":true,"showVisualEffectGraphs":true,"m_FxEnabled":true},"in2DMode":false,"pivot":{"x":-0.2597709894180298,"y":-0.31286561489105227,"z":0.5714530348777771},"rotation":{"x":-0.2714407444000244,"y":0.5413395166397095,"z":-0.19015926122665406,"w":-0.7727324962615967},"size":1.0228259563446046,"orthographic":false}