{"cameraMode":{"drawMode":0,"name":"Shaded","section":"Shading Mode"},"sceneLighting":false,"audioPlay":false,"sceneViewState":{"m_AlwaysRefresh":true,"showFog":true,"showSkybox":false,"showFlares":true,"showImageEffects":true,"showParticleSystems":true,"showVisualEffectGraphs":true,"m_FxEnabled":true},"in2DMode":false,"pivot":{"x":-1.8060646057128907,"y":-0.38251543045043948,"z":0.10380339622497559},"rotation":{"x":0.2731437087059021,"y":0.2113686501979828,"z":-0.06165279075503349,"w":0.9364376068115234},"size":2.305074453353882,"orthographic":false}