{"cameraMode":{"drawMode":0,"name":"Shaded","section":"Shading Mode"},"sceneLighting":false,"audioPlay":false,"sceneViewState":{"m_AlwaysRefresh":true,"showFog":true,"showSkybox":false,"showFlares":true,"showImageEffects":true,"showParticleSystems":true,"showVisualEffectGraphs":true,"m_FxEnabled":true},"in2DMode":false,"pivot":{"x":0.11006858944892883,"y":0.05208459496498108,"z":-0.23768071830272675},"rotation":{"x":-0.16554281115531922,"y":-0.6594646573066711,"z":0.15219128131866456,"w":-0.7173166871070862},"size":0.3788939118385315,"orthographic":false}