{"cameraMode":{"drawMode":0,"name":"Shaded","section":"Shading Mode"},"sceneLighting":false,"audioPlay":false,"sceneViewState":{"m_AlwaysRefresh":true,"showFog":true,"showSkybox":false,"showFlares":true,"showImageEffects":true,"showParticleSystems":true,"showVisualEffectGraphs":true,"m_FxEnabled":true},"in2DMode":false,"pivot":{"x":0.002429962158203125,"y":-0.00015115737915039063,"z":0.0039806365966796879},"rotation":{"x":-0.01977209746837616,"y":0.9662984609603882,"z":-0.2444831132888794,"w":-0.07814931869506836},"size":1.2513772249221802,"orthographic":false}