{"cameraMode":{"drawMode":0,"name":"Shaded","section":"Shading Mode"},"sceneLighting":false,"audioPlay":false,"sceneViewState":{"m_AlwaysRefresh":true,"showFog":true,"showSkybox":false,"showFlares":true,"showImageEffects":true,"showParticleSystems":true,"showVisualEffectGraphs":true,"m_FxEnabled":true},"in2DMode":false,"pivot":{"x":-27.898805618286134,"y":2.095641613006592,"z":24.142284393310548},"rotation":{"x":-0.01977209746837616,"y":0.9662984609603882,"z":-0.2444831132888794,"w":-0.07814931869506836},"size":0.9794966578483582,"orthographic":false}