{"cameraMode":{"drawMode":0,"name":"Shaded","section":"Shading Mode"},"sceneLighting":true,"audioPlay":false,"sceneViewState":{"m_AlwaysRefresh":true,"showFog":true,"showSkybox":false,"showFlares":true,"showImageEffects":true,"showParticleSystems":true,"showVisualEffectGraphs":true,"m_FxEnabled":true},"in2DMode":false,"pivot":{"x":-6.866752624511719,"y":-13.363199234008789,"z":27.588899612426759},"rotation":{"x":-0.26140475273132326,"y":-0.6694368124008179,"z":0.27378079295158389,"w":-0.6391998529434204},"size":15.086628913879395,"orthographic":false}