{"cameraMode":{"drawMode":0,"name":"Shaded","section":"Shading Mode"},"sceneLighting":false,"audioPlay":false,"sceneViewState":{"m_AlwaysRefresh":true,"showFog":true,"showSkybox":false,"showFlares":true,"showImageEffects":true,"showParticleSystems":true,"showVisualEffectGraphs":true,"m_FxEnabled":true},"in2DMode":false,"pivot":{"x":0.31168580055236819,"y":-0.08940103650093079,"z":0.3238467872142792},"rotation":{"x":-0.12854811549186707,"y":-0.40451285243034365,"z":0.057545121759176257,"w":-0.9036267399787903},"size":0.3521037697792053,"orthographic":false}